{"loss": [1.2576489448547363, 0.9342937469482422, 0.8471782207489014, 0.7987402677536011, 0.7529754042625427, 0.7218790054321289, 0.6923514008522034, 0.663527250289917, 0.6386404037475586], "accuracy": [0.5851457118988037, 0.7436655759811401, 0.7907516956329346, 0.8133974075317383, 0.8342483043670654, 0.8501900434494019, 0.8654455542564392, 0.8798564672470093, 0.8937922716140747], "val_loss": [0.9636754989624023, 0.8548423647880554, 0.8017881512641907, 0.7735459208488464, 0.7669488191604614, 0.7506780624389648, 0.7414356470108032, 0.7550032734870911, 0.738946259021759], "val_accuracy": [0.7204861044883728, 0.784288227558136, 0.8059895634651184, 0.8211805820465088, 0.8294270634651184, 0.8328993320465088, 0.83984375, 0.8411458134651184, 0.8485243320465088]}