{"loss": [1.9733855724334717, 0.7098973393440247, 0.5147261619567871, 0.41283950209617615, 0.3439905345439911, 0.30604249238967896], "accuracy": [0.6546136140823364, 0.7776604890823364, 0.8312394618988037, 0.8608002662658691, 0.8825485706329346, 0.8937394618988037], "val_loss": [4.065394401550293, 0.6926544308662415, 0.570120096206665, 0.5460389852523804, 0.5614063143730164, 0.5635915398597717], "val_accuracy": [0.6145833134651184, 0.7977430820465088, 0.8172743320465088, 0.827256977558136, 0.8255208134651184, 0.8289930820465088]}