{"loss": [3.8087050914764404, 2.3617794513702393, 2.3036344051361084, 2.2187769412994385, 2.1519558429718018, 2.0942749977111816, 2.02131724357605, 1.9466382265090942, 1.8721256256103516, 1.7622953653335571, 1.6461315155029297, 1.5653066635131836, 1.4775861501693726, 1.4025532007217407, 1.354836106300354, 1.289792537689209, 1.2414518594741821, 1.1995717287063599, 1.1502265930175781, 1.127396583557129, 1.095686912536621, 1.0755399465560913, 1.0561071634292603, 1.054638385772705, 1.0175409317016602, 0.9961351156234741, 0.9862732887268066, 0.9695839881896973, 0.9413740038871765, 0.9524580836296082, 0.9889896512031555, 0.963874340057373, 0.9436953067779541, 0.9394710063934326, 0.9324785470962524, 0.9205211400985718, 0.9035904407501221, 0.8973639607429504, 0.8885671496391296, 0.8917036652565002, 0.8785832524299622, 0.8621745705604553, 0.8501420617103577, 0.8588985204696655, 0.8530935049057007, 0.8440582156181335, 0.8471583724021912, 0.8402694463729858, 0.8220940232276917, 0.8043960332870483, 0.8034747838973999, 0.7963435053825378, 0.7846027612686157, 0.7775201797485352, 0.7476150393486023, 0.734148383140564, 0.7329596877098083, 0.7144567370414734, 0.7213441729545593, 0.7054480314254761, 0.6962267756462097, 0.6870452761650085, 0.6739393472671509, 0.6749697923660278, 0.6656006574630737, 0.6469947099685669, 0.6420161724090576, 0.6465846300125122, 0.6288650631904602, 0.6352460384368896], "accuracy": [0.37573903799057007, 0.4392419755458832, 0.4435705244541168, 0.4568201005458832, 0.462890625, 0.46558278799057007, 0.4690139591693878, 0.48395270109176636, 0.49683278799057007, 0.5285578966140747, 0.5590688586235046, 0.5799197554588318, 0.6081609129905701, 0.6327597498893738, 0.642630934715271, 0.6605785489082336, 0.6808488368988037, 0.6887668967247009, 0.7024915814399719, 0.7114654183387756, 0.7222867608070374, 0.7262985706329346, 0.7352195978164673, 0.7378589510917664, 0.7494721412658691, 0.7573374509811401, 0.7624577879905701, 0.7626689076423645, 0.7741237282752991, 0.7699535489082336, 0.7682643532752991, 0.7779244184494019, 0.7817779183387756, 0.7870038151741028, 0.7864759564399719, 0.7924408912658691, 0.7958192825317383, 0.7955025434494019, 0.8004117608070374, 0.7974556684494019, 0.8060072064399719, 0.8095439672470093, 0.8144003748893738, 0.8140836358070374, 0.8150866031646729, 0.8175147771835327, 0.8196262717247009, 0.8240603804588318, 0.826171875, 0.8296030759811401, 0.8285472989082336, 0.8328758478164673, 0.837943434715271, 0.8409522771835327, 0.8444362282752991, 0.8481313586235046, 0.8508235216140747, 0.8540435433387756, 0.8549937009811401, 0.8599029183387756, 0.8602724075317383, 0.8631756901741028, 0.8682960271835327, 0.8670291304588318, 0.8705658912658691, 0.8768475651741028, 0.8799620270729065, 0.8788006901741028, 0.8834987282752991, 0.8845545053482056], "val_loss": [2.453784227371216, 2.337388753890991, 2.2202987670898438, 2.1423463821411133, 2.089184045791626, 2.0609755516052246, 1.9665780067443848, 2.0793299674987793, 1.796703815460205, 1.7499996423721313, 1.648633360862732, 1.4990609884262085, 1.43674635887146, 1.3894916772842407, 1.3300637006759644, 1.2874183654785156, 1.2419955730438232, 1.1595330238342285, 1.1995735168457031, 1.1332731246948242, 1.1963105201721191, 1.1266237497329712, 1.599096655845642, 1.076676845550537, 1.0966027975082397, 1.3518882989883423, 1.017566442489624, 1.0478848218917847, 1.137558102607727, 1.2970958948135376, 1.1753383874893188, 1.1200447082519531, 0.9838457107543945, 1.2507319450378418, 1.051099419593811, 0.9538726806640625, 0.9793264865875244, 1.1320914030075073, 1.174367070198059, 0.9825785160064697, 1.0004485845565796, 0.9713216423988342, 0.9937657117843628, 0.9750111103057861, 1.0958014726638794, 1.0678553581237793, 0.9577873945236206, 1.0019506216049194, 1.1049504280090332, 0.9751589298248291, 0.9433258175849915, 0.9343976974487305, 0.9452860951423645, 0.9354190826416016, 0.9582982659339905, 0.9183619618415833, 0.890173614025116, 0.997772753238678, 0.9084368944168091, 0.9190617799758911, 0.9302330017089844, 0.8799892067909241, 0.90336674451828, 1.002442717552185, 0.9151762127876282, 0.9428289532661438, 0.9787114262580872, 0.9093385338783264, 0.9191381931304932, 0.9239736199378967], "val_accuracy": [0.4244791567325592, 0.4309895932674408, 0.476128488779068, 0.4826388955116272, 0.484375, 0.4639756977558136, 0.4856770932674408, 0.2955729067325592, 0.5217013955116272, 0.49609375, 0.5503472089767456, 0.5954861044883728, 0.5985243320465088, 0.6145833134651184, 0.6783854365348816, 0.631944477558136, 0.6705729365348816, 0.7044270634651184, 0.6336805820465088, 0.7005208134651184, 0.647569477558136, 0.706163227558136, 0.4040798544883728, 0.7230902910232544, 0.7265625, 0.643663227558136, 0.7478298544883728, 0.7274305820465088, 0.655381977558136, 0.6154513955116272, 0.6697048544883728, 0.7144097089767456, 0.7673611044883728, 0.639756977558136, 0.721788227558136, 0.7777777910232544, 0.7721354365348816, 0.7118055820465088, 0.6809895634651184, 0.7556423544883728, 0.765625, 0.7625868320465088, 0.7513020634651184, 0.7821180820465088, 0.7326388955116272, 0.7508680820465088, 0.7903645634651184, 0.7634548544883728, 0.7183159589767456, 0.7721354365348816, 0.7795138955116272, 0.7873263955116272, 0.7890625, 0.7912326455116272, 0.7699652910232544, 0.7890625, 0.792100727558136, 0.7604166865348816, 0.7942708134651184, 0.7955729365348816, 0.7925347089767456, 0.807725727558136, 0.8042534589767456, 0.7630208134651184, 0.8033854365348816, 0.7907986044883728, 0.7821180820465088, 0.803819477558136, 0.7951388955116272, 0.7981770634651184]}