{"loss": [0.26991716027259827, 0.2554064393043518, 0.25156456232070923], "accuracy": [0.9081503748893738, 0.9129012227058411, 0.9126372933387756], "val_loss": [0.4393253028392792, 0.4452005624771118, 0.447272926568985], "val_accuracy": [0.8598090410232544, 0.858506977558136, 0.8598090410232544]}