{"loss": [0.7452071309089661, 0.46673059463500977, 0.3577590584754944], "accuracy": [0.7387563586235046, 0.8396326303482056, 0.8768475651741028], "val_loss": [0.7765969634056091, 0.5647312998771667, 0.48750603199005127], "val_accuracy": [0.7495659589767456, 0.8168402910232544, 0.8394097089767456]}