{"loss": [2.559870958328247, 1.957947850227356, 1.7925128936767578, 1.6754536628723145, 1.5890705585479736, 1.5521821975708008, 1.4944000244140625, 1.4652830362319946, 1.4580230712890625, 1.4241585731506348, 1.374326467514038, 1.374453067779541, 1.3419429063796997, 1.3493363857269287, 1.3412054777145386, 1.3134889602661133, 1.3146504163742065, 1.2749933004379272, 1.267187476158142, 1.2536929845809937, 1.2528700828552246, 1.239585041999817, 1.2538071870803833, 1.2284550666809082, 1.2198519706726074, 1.2039830684661865, 1.2204831838607788, 1.1954176425933838, 1.2045844793319702, 1.1869016885757446], "accuracy": [0.3875105679035187, 0.4978357255458832, 0.5347867608070374, 0.5585409998893738, 0.5776499509811401, 0.5882601737976074, 0.5968644618988037, 0.6042546629905701, 0.6096917390823364, 0.6157622337341309, 0.6263724565505981, 0.6245777010917664, 0.6349768042564392, 0.6247888803482056, 0.6328125, 0.6447951793670654, 0.6416807770729065, 0.6462732553482056, 0.650496244430542, 0.6491765379905701, 0.6532411575317383, 0.6551942825317383, 0.6520270705223083, 0.6580975651741028, 0.6589421629905701, 0.6627428531646729, 0.6596812009811401, 0.6673353314399719, 0.6661739945411682, 0.6701858043670654], "val_loss": [2.4350273609161377, 2.3280444145202637, 2.4281790256500244, 2.3661701679229736, 2.5771517753601074, 2.136937141418457, 1.4692652225494385, 1.215771198272705, 1.135970115661621, 1.1157658100128174, 1.1093294620513916, 1.099004864692688, 1.08979332447052, 1.0873031616210938, 1.0766639709472656, 1.0744248628616333, 1.067145586013794, 1.0621312856674194, 1.0584237575531006, 1.053027868270874, 1.0463323593139648, 1.0435192584991455, 1.0428999662399292, 1.0385493040084839, 1.0392687320709229, 1.0327707529067993, 1.0291670560836792, 1.0298906564712524, 1.0276124477386475, 1.0210886001586914], "val_accuracy": [0.1488715261220932, 0.1623263955116272, 0.2339409738779068, 0.296440988779068, 0.4205729067325592, 0.4813368022441864, 0.5750868320465088, 0.640625, 0.6666666865348816, 0.6701388955116272, 0.6796875, 0.67578125, 0.6831597089767456, 0.6783854365348816, 0.6848958134651184, 0.6848958134651184, 0.6875, 0.6909722089767456, 0.6927083134651184, 0.6935763955116272, 0.6957465410232544, 0.6961805820465088, 0.6948784589767456, 0.6974826455116272, 0.6987847089767456, 0.7005208134651184, 0.6979166865348816, 0.702256977558136, 0.7005208134651184, 0.7035590410232544]}